数据集,Node最佳AUROC,Node最佳模型,Node最佳AUPRC,Node最佳F1,Edge最佳AUROC,Edge最佳模型,Edge最佳AUPRC,Edge最佳F1,运行时间(秒)
reddit,0.6641911297130106,graphmae-bwgnn-gcn,0.06434392824828772,0.5256122649512054,0.9346493805663558,graphmae-gcn-gcn,0.04781507322172343,0.5282806805714795,42.19269633293152
tolokers,0.8070874307605962,graphmae-bwgnn-gcn,0.4944725835359792,0.6809507531866474,0.8094012012561359,graphmae-bwgnn-gcn,0.3655047404114752,0.6443911363311002,90.47450566291809
weibo,0.9792421179405566,graphmae-bwgnn-gcn,0.940712274198227,0.9383129393336855,0.9948224904245587,graphmae-gcn-gcn,0.9408534174385932,0.9483072459976348,57.41610145568848
