数据集,运行时间(秒),AUROC,AUPRC,Recall@K
reddit,7.201010227203369,0.5929518087184432,0.04811984143737199,0.0546448087431694
weibo,2.9004523754119873,0.8005869346542921,0.3632005377863245,0.3122119815668203
amazon,3.8721656799316406,0.3210222349898446,0.04675000419633102,0.02192448233861145
yelp,18.07224988937378,0.5713860358830549,0.1896162932342924,0.2156657181368878
tolokers,5.413724184036255,0.4322784819259885,0.18611061743630222,0.17381137957911147
questions,18.886297702789307,0.5456653626538465,0.035539312624895354,0.056164383561643834
tfinance,172.5212414264679,0.6857417080985488,0.071833171608668,0.016638935108153077
