数据集,运行时间(秒),Mix_AUC,Recall@K,AP
Reddit,6.688988924026489,0.5773,0.0738,0.0465
Weibo,6.508481502532959,0.4206,0.0622,0.0833
Amazon,9.584388732910156,0.4251,0.0183,0.0542
YelpChi,9.0654878616333,0.4997,0.142,0.1448
Tolokers,7.073733806610107,0.4464,0.1941,0.2014
Questions,8.133655071258545,0.6066,0.0753,0.0494
T-Finance,18.739526987075806,0.2904,0.0388,0.0322
Elliptic,13.421013116836548,0.5141,0.0172,0.0221
DGraph-Fin,586.8305189609528,0.5235,0.0044,0.0044
